,time,flow_name,event,seconds_elapsed,cumulative_seconds
0,2026-10-01 07:31:34.697314,,"SIMULATION STARTED: VERSION: 0.0.15, RELEASE DATEL 2023-02-16",0.0,0.0
1,2026-10-01 07:31:34.699945,,"3.11.4 | packaged by conda-forge | (main, Jun 10 2023, 18:08:17) [GCC 12.2.0]",0.004275,0.004275
2,2026-10-01 07:31:34.701907,,"Dependencies: Geopandas:1.2.0, Shapely:2.1.2, Pandas:3.0.6, Numpy:2.4.6, NetworkX:3.6.1",0.001962,0.006237
3,2026-10-01 07:31:34.713146,wgt_a,"network FIle Loaded, Projection: EPSG:3857",0.011238999999999999,0.017476
4,2026-10-01 07:31:34.734616,wgt_a,network topology created,0.021470000000000003,0.038946
5,2026-10-01 07:31:34.742089,wgt_a,"origins file origins.geojson Loaded, Projection: EPSG:3857",0.0074730000000000005,0.046419
6,2026-10-01 07:31:34.749392,wgt_a,"destinations file destinations.geojson Loaded, Projection: EPSG:3857",0.007302999999999997,0.053722
7,2026-10-01 07:31:34.767429,wgt_a,Origins and Destinations Inserted.,0.018037000000000004,0.071759
8,2026-10-01 07:31:34.776789,wgt_a,NetworkX Graphs Created.,0.009359999999999993,0.081119
9,2026-10-01 07:31:34.838308,wgt_a,accissibility calculated.,0.06151899999999999,0.142638
10,2026-10-01 07:31:34.855147,wgt_b,Origins and Destinations Inserted.,0.01683900000000002,0.159477
11,2026-10-01 07:31:34.864475,wgt_b,NetworkX Graphs Created.,0.009328000000000003,0.168805
12,2026-10-01 07:31:34.910219,wgt_b,accissibility calculated.,0.04574399999999998,0.214549
